<?xml version="1.0" encoding="UTF-8"?>
<project-private xmlns="http://www.netbeans.org/ns/project-private/1">
    <editor-bookmarks xmlns="http://www.netbeans.org/ns/editor-bookmarks/2" lastBookmarkId="0"/>
    <open-files xmlns="http://www.netbeans.org/ns/projectui-open-files/2">
        <group>
            <file>file:/C:/Users/Pham%20Tuan/Documents/NetBeansProjects/Lab3/src/bai4/Main.java</file>
            <file>file:/C:/Users/Pham%20Tuan/Documents/NetBeansProjects/Lab3/src/bai4/SinhVienPoly.java</file>
            <file>file:/C:/Users/Pham%20Tuan/Documents/NetBeansProjects/Lab3/src/Bai4_5/SinhVienPoly.java</file>
        </group>
    </open-files>
</project-private>
