<?xml version="1.0" encoding="UTF-8"?>
<project-private xmlns="http://www.netbeans.org/ns/project-private/1">
    <editor-bookmarks xmlns="http://www.netbeans.org/ns/editor-bookmarks/2" lastBookmarkId="0"/>
    <open-files xmlns="http://www.netbeans.org/ns/projectui-open-files/2">
        <group>
            <file>file:/C:/Users/Pham%20Tuan/Documents/NetBeansProjects/Lab1_coban/src/lab2_bai7/Customer.java</file>
            <file>file:/C:/Users/Pham%20Tuan/Documents/NetBeansProjects/Lab1_coban/src/lab2_bai7/Person.java</file>
            <file>file:/C:/Users/Pham%20Tuan/Documents/NetBeansProjects/Lab1_coban/src/lab2_bai7/Student.java</file>
            <file>file:/C:/Users/Pham%20Tuan/Documents/NetBeansProjects/Lab1_coban/src/lab2_bai7/Employee.java</file>
        </group>
    </open-files>
</project-private>
